level,title,pdf_url,book_page
Start,TKG,https://tadoku.org/japanese/wp-content/uploads/f0052e-tkg-v5.pdf,https://tadoku.org/japanese/book/6459/
Start,あっ、まるい,https://tadoku.org/japanese/wp-content/uploads/f0094e-marui-v4.pdf,https://tadoku.org/japanese/book/39479/
Start,あった！,https://tadoku.org/japanese/wp-content/uploads/f0028e-atta-v4.pdf,https://tadoku.org/japanese/book/5277/
Start,ありますか？,https://tadoku.org/japanese/wp-content/uploads/f0048e-arimasuka-v4.pdf,https://tadoku.org/japanese/book/6346/
Start,あれは何？,https://tadoku.org/japanese/wp-content/uploads/f0032e-arehanani-v4.pdf,https://tadoku.org/japanese/book/5372/
Start,しりとり,,https://tadoku.org/japanese/book/9078/
Start,じゃんけん,https://tadoku.org/japanese/wp-content/uploads/f0079e-janken-v5-2.pdf,https://tadoku.org/japanese/book/8597/
Start,すみません,https://tadoku.org/japanese/wp-content/uploads/f0036e-sumimasen-v4.pdf,https://tadoku.org/japanese/book/5509/
Start,たいへん！！,https://tadoku.org/japanese/wp-content/uploads/f0008e-taihen-v5-.pdf,https://tadoku.org/japanese/book/4156/
Start,ちょっと来て！,https://tadoku.org/japanese/wp-content/uploads/f0120e-chottokite-v2.pdf,https://tadoku.org/japanese/book/61273/
Start,どうぞどうも,https://tadoku.org/japanese/wp-content/uploads/f0056e-douzodoumo-v4.pdf,https://tadoku.org/japanese/book/6812/
Start,どっち？,https://tadoku.org/japanese/wp-content/uploads/f0071e-dotchi-v4.pdf,https://tadoku.org/japanese/book/8137/
Start,にほんごえほん あいちゃん１（１）,https://tadoku.org/japanese/wp-content/uploads/f0024e-aichan1-1-v2-1.pdf,https://tadoku.org/japanese/book/5159/
Start,にほんごえほん あいちゃん２（２）,https://tadoku.org/japanese/wp-content/uploads/f0027e-aichan2-2-v2.pdf,https://tadoku.org/japanese/book/5175/
Start,一つ二つ三つ,,https://tadoku.org/japanese/book/9076/
Start,何を飲みますか？,https://tadoku.org/japanese/wp-content/uploads/f0050e-naniwonomimasuka-v4.pdf,https://tadoku.org/japanese/book/6447/
Start,犬と肉〜イソップ物語より,https://tadoku.org/japanese/wp-content/uploads/w0012e-inutoniku-v3.pdf,https://tadoku.org/japanese/book/40182/
Start,白い？黒い？,https://tadoku.org/japanese/wp-content/uploads/f0023e-shiroikuroi-v4.pdf,https://tadoku.org/japanese/book/4982/
Start,赤い・・・,https://tadoku.org/japanese/wp-content/uploads/f0080e-akai-v5.pdf,https://tadoku.org/japanese/book/8644/
Start,雨,https://tadoku.org/japanese/wp-content/uploads/f0047e-ame-v4.pdf,https://tadoku.org/japanese/book/6301/
Start,青い,https://tadoku.org/japanese/wp-content/uploads/f0007e-aoi-v5.pdf,https://tadoku.org/japanese/book/4155/
0,2匹のカエル,https://tadoku.org/japanese/wp-content/uploads/f0097e-nihikinokaeru-v3.pdf,https://tadoku.org/japanese/book/40280/
0,あんこちゃん 〜季節のお菓子〜,https://tadoku.org/japanese/wp-content/uploads/f0057e-ankochan-v2.pdf,https://tadoku.org/japanese/book/6973/
0,いいです,https://tadoku.org/japanese/wp-content/uploads/f0054e-iidesu-v5.pdf,https://tadoku.org/japanese/book/6645/
0,いっぱい,https://tadoku.org/japanese/wp-content/uploads/f0055e-ippai-v2.pdf,https://tadoku.org/japanese/book/6872/
0,いました！,https://tadoku.org/japanese/wp-content/uploads/f0053e-imashita-v3.pdf,https://tadoku.org/japanese/book/6469/
0,おでん,https://tadoku.org/japanese/wp-content/uploads/f0051e-oden-v3.pdf,https://tadoku.org/japanese/book/6457/
0,お茶をいれましょう！,https://tadoku.org/japanese/wp-content/uploads/f0061e-ocha-v4-1.pdf,https://tadoku.org/japanese/book/7253/
0,かまきり,https://tadoku.org/japanese/wp-content/uploads/f0019e-kamakiri-v3.pdf,https://tadoku.org/japanese/book/4906/
0,かんたん！日本のカレーライス,https://tadoku.org/japanese/wp-content/uploads/f0105e-curryrice.pdf,https://tadoku.org/japanese/book/41012/
0,これ、なあに？,https://tadoku.org/japanese/wp-content/uploads/f0077e-korenaani-v6.pdf,https://tadoku.org/japanese/book/8519/
0,ざるそば,https://tadoku.org/japanese/wp-content/uploads/f0112e-zarusoba.pdf,https://tadoku.org/japanese/book/44963/
0,たまご,https://tadoku.org/japanese/wp-content/uploads/f0020e-tamago-v2-1.pdf,https://tadoku.org/japanese/book/4907/
0,ちょっと…,https://tadoku.org/japanese/wp-content/uploads/f0029e-chotto-v3.pdf,https://tadoku.org/japanese/book/5281/
0,にほんごえほん あいちゃん１（２）,https://tadoku.org/japanese/wp-content/uploads/f0025e-aichan1-2-v2.pdf,https://tadoku.org/japanese/book/5174/
0,にほんごえほん あいちゃん２（１）,https://tadoku.org/japanese/wp-content/uploads/f0026e-aichan2-1-v2-1.pdf,https://tadoku.org/japanese/book/5180/
0,ぼくのお父さん,https://tadoku.org/japanese/wp-content/uploads/w0007e-bokunootoosan-v2.pdf,https://tadoku.org/japanese/book/38558/
0,まだ？,https://tadoku.org/japanese/wp-content/uploads/f0082e-mada-v2.pdf,https://tadoku.org/japanese/book/8757/
0,ゆきだるま,https://tadoku.org/japanese/wp-content/uploads/f0076e-yukidaruma-v4.pdf,https://tadoku.org/japanese/book/8481/
0,よむ？？？,https://tadoku.org/japanese/wp-content/uploads/f0009e-yomu-v2.pdf,https://tadoku.org/japanese/book/4157/
0,わすれもの,https://tadoku.org/japanese/wp-content/uploads/f0041e-wasuremono.pdf,https://tadoku.org/japanese/book/5995/
0,カラスと水さし ～イソップ物語より～,https://tadoku.org/japanese/wp-content/uploads/f0062e-karasutomizusashi-v4.pdf,https://tadoku.org/japanese/book/7347/
0,キツネとツル～イソップ物語より,https://tadoku.org/japanese/wp-content/uploads/w0016e-kitunetoturu.pdf,https://tadoku.org/japanese/book/45891/
0,チワワの花すけ〜お花見,https://tadoku.org/japanese/wp-content/uploads/f0098e-hanasukeohanami-v4.pdf,https://tadoku.org/japanese/book/40469/
0,チワワの花すけ～おねえさん ごめんなさい,https://tadoku.org/japanese/wp-content/uploads/f0030e-chiwawanohanasuke-v3.pdf,https://tadoku.org/japanese/book/5370/
0,チワワの花すけ～すごい！,https://tadoku.org/japanese/wp-content/uploads/f0039e-sugoi-v3.pdf,https://tadoku.org/japanese/book/5595/
0,チワワの花すけ～影とお散歩,https://tadoku.org/japanese/wp-content/uploads/f0072e-kagetoosanpo-v6.pdf,https://tadoku.org/japanese/book/8139/
0,入れて,https://tadoku.org/japanese/wp-content/uploads/f0042e-irete.pdf,https://tadoku.org/japanese/book/5998/
0,夜の空で,https://tadoku.org/japanese/wp-content/uploads/f0088e-yorunosorade-v2.pdf,https://tadoku.org/japanese/book/38369/
0,寒い日は「おなべ」,https://tadoku.org/japanese/wp-content/uploads/f0066e-samuihihaonabe-v4.pdf,https://tadoku.org/japanese/book/7914/
0,広島・宮島に行きましょう,https://tadoku.org/japanese/wp-content/uploads/f0064e-hiroshimamiyajima-v4.pdf,https://tadoku.org/japanese/book/7595/
0,彼氏がほしい！,https://tadoku.org/japanese/wp-content/uploads/1da767c8ef5e0509ee049390e50a9d40.pdf,https://tadoku.org/japanese/book/8777/
0,畳生活,https://tadoku.org/japanese/wp-content/uploads/w0010e-tatami-v2.pdf,https://tadoku.org/japanese/book/39413/
0,羊飼いの男の子 ～イソップ物語より,https://tadoku.org/japanese/wp-content/uploads/w0006e-hitsujikainootokonoko-v4.pdf,https://tadoku.org/japanese/book/6988/
0,肉じゃが,https://tadoku.org/japanese/wp-content/uploads/f0021e-nikujaga-v2.pdf,https://tadoku.org/japanese/book/4908/
0,花と色,https://tadoku.org/japanese/wp-content/uploads/w0001e-hanatoiro-v2.pdf,https://tadoku.org/japanese/book/2746/
0,菊,https://tadoku.org/japanese/wp-content/uploads/f0049e-kikunohana-v3.pdf,https://tadoku.org/japanese/book/6377/
0,野菜の花,https://tadoku.org/japanese/wp-content/uploads/w0002e-yasainohana-v2.pdf,https://tadoku.org/japanese/book/2747/
1,おばあちゃんがいない,https://tadoku.org/japanese/wp-content/uploads/f0116e-obaachangainai.pdf,https://tadoku.org/japanese/book/48395/
1,かぼちゃん日本の秋へ,https://tadoku.org/japanese/wp-content/uploads/f0011e-kabochan-v3.pdf,https://tadoku.org/japanese/book/4159/
1,がんばっているみなさんへ,https://tadoku.org/japanese/wp-content/uploads/f0081e-ganbatte-v4.pdf,https://tadoku.org/japanese/book/8688/
1,これは何でしょう？,https://tadoku.org/japanese/wp-content/uploads/w0003e-korehanandesyou-v2.pdf,https://tadoku.org/japanese/book/5883/
1,しあわせ,https://tadoku.org/japanese/wp-content/uploads/f0101e-shiawase-v2.pdf,https://tadoku.org/japanese/book/41614/
1,ぼくのかぞく,https://tadoku.org/japanese/wp-content/uploads/f0103e-bokunokazoku.pdf,https://tadoku.org/japanese/book/42390/
1,シュモーハウス,https://tadoku.org/japanese/wp-content/uploads/f0018e-schmoehouse-v3.pdf,https://tadoku.org/japanese/book/4644/
1,チワワの花すけ～帽子とマフラー,https://tadoku.org/japanese/wp-content/uploads/f0031e-chiwawanohanasuke2-v3.pdf,https://tadoku.org/japanese/book/5371/
1,チワワの花すけ～雪だるま,https://tadoku.org/japanese/wp-content/uploads/f0109e-hanasukeyukidaruma-v2.pdf,https://tadoku.org/japanese/book/43726/
1,ディアさんの冬休み,https://tadoku.org/japanese/wp-content/uploads/f0083e-diasanno-v4.pdf,https://tadoku.org/japanese/book/8884/
1,デカりんご,https://tadoku.org/japanese/wp-content/uploads/f0065e-dekaringo-v2.pdf,https://tadoku.org/japanese/book/7787/
1,ピーターラビットのお話,https://tadoku.org/japanese/wp-content/uploads/f0063e-peterrabbit-v5.pdf,https://tadoku.org/japanese/book/7348/
1,ベトナムの生春巻き,https://tadoku.org/japanese/wp-content/uploads/f0078e-namaharumaki-v4.pdf,https://tadoku.org/japanese/book/8576/
1,ベンジャミンバニーのお話,https://tadoku.org/japanese/wp-content/uploads/f0067e-thetaleofbenjaminbunny-v3.pdf,https://tadoku.org/japanese/book/7957/
1,メキシコの犬,https://tadoku.org/japanese/wp-content/uploads/f0084e-mexico-v4.pdf,https://tadoku.org/japanese/book/8964/
1,三まいのおふだ,https://tadoku.org/japanese/wp-content/uploads/f0115e-sanmainoohuda.pdf,https://tadoku.org/japanese/book/47818/
1,京都のかえると大阪のかえる,https://tadoku.org/japanese/wp-content/uploads/f0121e-kyotoosakakaeru.pdf,https://tadoku.org/japanese/book/64041/
1,山に行きました,https://tadoku.org/japanese/wp-content/uploads/f0086e-yamani-v4-1.pdf,https://tadoku.org/japanese/book/9295/
1,日下川の猿猴,https://tadoku.org/japanese/wp-content/uploads/f0114e-enko.pdf,https://tadoku.org/japanese/book/47659/
1,日本の城,https://tadoku.org/japanese/wp-content/uploads/w0057e-nihonnoshiro-v2.pdf,https://tadoku.org/japanese/book/6873/
1,柴犬ディナちゃん、秋の京都へ行く！,https://tadoku.org/japanese/wp-content/uploads/f0010e-shibainudinachan-v3.pdf,https://tadoku.org/japanese/book/4158/
1,母の日,https://tadoku.org/japanese/wp-content/uploads/f0100e-hahanohi.pdf,https://tadoku.org/japanese/book/41295/
1,泣く女,https://tadoku.org/japanese/wp-content/uploads/f0089e-nakuonna-v2.pdf,https://tadoku.org/japanese/book/38370/
1,落花生はおもしろい！,https://tadoku.org/japanese/wp-content/uploads/f0090e-rakkasei-v2.pdf,https://tadoku.org/japanese/book/38533/
1,金の斧銀の斧～イソップ物語より,https://tadoku.org/japanese/wp-content/uploads/w0020e-kinnoonoginnoono.pdf,https://tadoku.org/japanese/book/64329/
2,お母さんヘンシン,https://tadoku.org/japanese/wp-content/uploads/f0045e-okaasanhenshin.pdf,https://tadoku.org/japanese/book/6070/
2,つみっこ,https://tadoku.org/japanese/wp-content/uploads/f0104e-tumikko.pdf,https://tadoku.org/japanese/book/42745/
2,やせうま,https://tadoku.org/japanese/wp-content/uploads/f0002e-yaseuma-v2.pdf,https://tadoku.org/japanese/book/3152/
2,ようこそ別府へ,https://tadoku.org/japanese/wp-content/uploads/f0003e-yokosobeppuhe-v2.pdf,https://tadoku.org/japanese/book/3149/
2,わたしとともだちのほしちゃんとねこのどのちゃん,https://tadoku.org/japanese/wp-content/uploads/f0022e-hoshichandonochan-v3.pdf,https://tadoku.org/japanese/book/4914/
2,キャラメルとあめ玉,https://tadoku.org/japanese/wp-content/uploads/f0107e-caramel.pdf,https://tadoku.org/japanese/book/43311/
2,ヴィトリアレジア ブラジル先住民のお話から,https://tadoku.org/japanese/wp-content/uploads/f0035e-victoriaregia-v3-1.pdf,https://tadoku.org/japanese/book/5494/
2,丸メガネ寮母さん,https://tadoku.org/japanese/wp-content/uploads/f0034e-marumegane-v3.pdf,https://tadoku.org/japanese/book/5456/
2,北海道,https://tadoku.org/japanese/wp-content/uploads/f0058e-hokkaido.pdf,https://tadoku.org/japanese/book/6987/
2,吉四六さんの話 ～舟のお金～,https://tadoku.org/japanese/wp-content/uploads/f0001e-kicchomu-v2.pdf,https://tadoku.org/japanese/book/3155/
2,夜の図書館,https://tadoku.org/japanese/wp-content/uploads/f0110e-yorunotoshokan-v2.pdf,https://tadoku.org/japanese/book/44313/
2,山田さんの大問題,https://tadoku.org/japanese/wp-content/uploads/f0092e-yamadasan-v3.pdf,https://tadoku.org/japanese/book/38919/
2,怠け者のフウアン,https://tadoku.org/japanese/wp-content/uploads/f0033e-namakemono-v3.pdf,https://tadoku.org/japanese/book/5451/
2,明日は遠足,https://tadoku.org/japanese/wp-content/uploads/f0043e-ashitahaensoku.pdf,https://tadoku.org/japanese/book/6069/
2,王様の耳はロバの耳,https://tadoku.org/japanese/wp-content/uploads/w0017e-oosamanomimi.pdf,https://tadoku.org/japanese/book/48618/
2,私の彼氏は油揚げが好き,https://tadoku.org/japanese/wp-content/uploads/f0106e-watasinokaresi.pdf,https://tadoku.org/japanese/book/43170/
2,赤い魚と子ども,https://tadoku.org/japanese/wp-content/uploads/w0019e-akaisakanatokodomo-v2.pdf,https://tadoku.org/japanese/book/64058/
2,鏡のない村,https://tadoku.org/japanese/wp-content/uploads/w0018e-kagaminonaimura-v2.pdf,https://tadoku.org/japanese/book/61371/
3,Nessy,https://tadoku.org/japanese/wp-content/uploads/f0059e-nessy-v2.pdf,https://tadoku.org/japanese/book/7029/
3,おばあのうちなーぐち 〜おきなわのことば〜,https://tadoku.org/japanese/wp-content/uploads/f0068e-obaanouchinaguchi-v2.pdf,https://tadoku.org/japanese/book/8025/
3,くるみもち,https://tadoku.org/japanese/wp-content/uploads/f0119e-kurumimoti.pdf,https://tadoku.org/japanese/book/52749/
3,しいたけ,https://tadoku.org/japanese/wp-content/uploads/f0074e-shiitake-v3.pdf,https://tadoku.org/japanese/book/8184/
3,ふしぎだな―ぼくが感じた不思議なこと,https://tadoku.org/japanese/wp-content/uploads/f0012e-fushigidana1-v3.pdf,https://tadoku.org/japanese/book/4160/
3,ふしぎだな―ぼくが感じた不思議なこと２,https://tadoku.org/japanese/wp-content/uploads/f0013e-fushigidana2-v2.pdf,https://tadoku.org/japanese/book/4161/
3,キツネ踊り ―姫島の子どもたちがキツネになる日―,https://tadoku.org/japanese/wp-content/uploads/f0004e-kitsuneodori-v2-1.pdf,https://tadoku.org/japanese/book/3146/
3,トマトを育てました,https://tadoku.org/japanese/wp-content/uploads/w0008e-tomato-v2.pdf,https://tadoku.org/japanese/book/39009/
3,フェリパ,https://tadoku.org/japanese/wp-content/uploads/f0038e-philippa-v3.pdf,https://tadoku.org/japanese/book/5594/
3,ポール・ジャクレー,https://tadoku.org/japanese/wp-content/uploads/f0091e-pauljacoulet-v2.pdf,https://tadoku.org/japanese/book/38887/
3,吉四六さんの話 〜「ババクロウ」という魚〜,https://tadoku.org/japanese/wp-content/uploads/f0070e-babakuro-v5.pdf,https://tadoku.org/japanese/book/8053/
3,天皇の誕生日,https://tadoku.org/japanese/wp-content/uploads/f0014e-tennotanjyoubi-v3.pdf,https://tadoku.org/japanese/book/4162/
3,弾丸をボールに,https://tadoku.org/japanese/wp-content/uploads/f0040e-danganwobaruni-v3.pdf,https://tadoku.org/japanese/book/5871/
3,徒然草,https://tadoku.org/japanese/wp-content/uploads/w0009e-tureduregusa_v6.pdf,https://tadoku.org/japanese/book/39177/
3,手ぶくろを買いに,https://tadoku.org/japanese/wp-content/uploads/f0075e-tebukuro-v4.pdf,https://tadoku.org/japanese/book/8325/
3,正直五兵衛,https://tadoku.org/japanese/wp-content/uploads/f0044e-shojikigohee-v2-1.pdf,https://tadoku.org/japanese/book/6071/
3,涙の力,https://tadoku.org/japanese/wp-content/uploads/f0037e-namidanochikara-v3.pdf,https://tadoku.org/japanese/book/5593/
3,温泉の町 別府,https://tadoku.org/japanese/wp-content/uploads/f0005e-onsennomatibeppu-v2.pdf,https://tadoku.org/japanese/book/3143/
3,温泉の科学,https://tadoku.org/japanese/wp-content/uploads/f0073e-onsennokagaku-v4.pdf,https://tadoku.org/japanese/book/8162/
3,湖山長者 ～ちょっとざんねんなお金持ちの話～,https://tadoku.org/japanese/wp-content/uploads/f0069e-koyamachoja-v4.pdf,https://tadoku.org/japanese/book/8026/
3,眠い町,https://tadoku.org/japanese/wp-content/uploads/f0118e-nemuimachi.pdf,https://tadoku.org/japanese/book/48397/
3,秋田の虫,https://tadoku.org/japanese/wp-content/uploads/f0095e-akitanomushi-v2.pdf,https://tadoku.org/japanese/book/41209/
3,稲むらの火,https://tadoku.org/japanese/wp-content/uploads/f0046e-inamuranohi-v2.pdf,https://tadoku.org/japanese/book/6072/
3,蛙,https://tadoku.org/japanese/wp-content/uploads/f0108e-kaeru.pdf,https://tadoku.org/japanese/book/43312/
3,野ばら,https://tadoku.org/japanese/wp-content/uploads/f0085e-nobara-v4.pdf,https://tadoku.org/japanese/book/9191/
3,飯田くん,https://tadoku.org/japanese/wp-content/uploads/f0015e-iidakun-v3.pdf,https://tadoku.org/japanese/book/4163/
3,黒コウモリと白コウモリ,https://tadoku.org/japanese/wp-content/uploads/f0096e-kurokoumori-v2.pdf,https://tadoku.org/japanese/book/40205/
4,アリババと40人の泥棒～アラビアン・ナイトより～,https://tadoku.org/japanese/wp-content/uploads/w0013e-alibaba-v3.pdf,https://tadoku.org/japanese/book/40468/
4,カラスとハリネズミ,https://tadoku.org/japanese/wp-content/uploads/f0016e-karasutoharinezumi-v2.pdf,https://tadoku.org/japanese/book/4164/
4,ポール・ジャクレー～軽井沢を愛したフランス人～［続編］,https://tadoku.org/japanese/wp-content/uploads/f0102e-pauljacoulet2-v2.pdf,https://tadoku.org/japanese/book/42360/
4,ロバの皮の女,https://tadoku.org/japanese/wp-content/uploads/f0111e-robanokawa.pdf,https://tadoku.org/japanese/book/44994/
4,別府観光の父 油屋熊八,https://tadoku.org/japanese/wp-content/uploads/f0006e-aburayakumahat-v2i.pdf,https://tadoku.org/japanese/book/3134/
4,少女とシロクマ,https://tadoku.org/japanese/wp-content/uploads/f0017e-syoujotoshirokuma-v4.pdf,https://tadoku.org/japanese/book/4165/
4,幽霊床屋,https://tadoku.org/japanese/wp-content/uploads/f0060e-yuureitokoya-v2.pdf,https://tadoku.org/japanese/book/7087/
4,張り紙にびっくり！,https://tadoku.org/japanese/wp-content/uploads/f0099e-harigami-v5.pdf,https://tadoku.org/japanese/book/40470/
4,日本のバレンタインデー,https://tadoku.org/japanese/wp-content/uploads/f0093e-valentine-v3.pdf,https://tadoku.org/japanese/book/38990/
4,私とハムスター,https://tadoku.org/japanese/wp-content/uploads/f0117e-hamster.pdf,https://tadoku.org/japanese/book/48396/
4,葉桜と口笛,https://tadoku.org/japanese/wp-content/uploads/w0011e-hazakura-v2.pdf,https://tadoku.org/japanese/book/39958/
5,まだらの紐,https://tadoku.org/japanese/wp-content/uploads/w0014e-madara-scaled-v2.pdf,https://tadoku.org/japanese/book/41615/
5,夢十夜,https://tadoku.org/japanese/wp-content/uploads/w0015e-yumejuuya.pdf,https://tadoku.org/japanese/book/42724/
5,美知子の星空,https://tadoku.org/japanese/wp-content/uploads/w0004e-michikonohoshizora-v2.pdf,https://tadoku.org/japanese/book/6238/
5,色の世界,https://tadoku.org/japanese/wp-content/uploads/f0113e-ironosekai.pdf,https://tadoku.org/japanese/book/47324/
